rm_0000,B000,Add's Domain - Room 0, Sealed Statue
rm_1intro,B001,Add's Domain - Room 1,Add's Mural
rm_2intro,B002,Add's Domain - Room 2,Add's Effigy
rm_0001,B003,Add's Domain - Room 3,Triple Locust Tutorial
rm_0002,B004,Add's Domain - Room 4,Shop #1
rm_0003,B005,Add's Domain - Room 5,First Atonement
rm_0004,B006,Add's Domain - Room 6,Treasure Peninsula
rm_0005,B007,Add's Domain - Room 7,Shortcut #1
rm_0006,B008,Add's Domain - Room 8,Boulder Jail
rm_0007,B009,Add's Domain - Room 9,Boulder Islands
rm_0008,B010,Add's Domain - Room 10,Boulder Maze
rm_0009,B011,Add's Domain - Room 11,Leech Tutorial
rm_0010,B012,Add's Domain - Room 12,Two Leech Hallway
rm_0011,B013,Add's Domain - Room 13,Maggot Tutorial
rm_0012,B014,Add's Domain - Room 14,Chutes & Maggots
rm_0013,B015,Add's Domain - Room 15,Maggot Trident
rm_0014,B016,Add's Domain - Room 16,Leech Pyramid
rm_0017,B017,Add's Domain - Room 17,All-Burden Boulder
rm_0018,B018,Add's Domain - Room 18,Push the Smiler
rm_0019,B019,Add's Domain - Room 19,Leech Crosswalk
rm_0020,B020,Add's Domain - Room 20,Wallbonk Maggot Gate
rm_0021,B021,Add's Domain - Room 21,One Leech Hallway
rm_0022,B022,Add's Domain - Room 22,Frogger with Leeches
rm_0023,B023,Add's Domain - Room 23,Add's Brand Room
rm_0024,B024,Add's Domain - Room 24,Maggot Blockade
rm_0025,B025,Add's Domain - Room 25,Hidden Picross #1
rm_0026,B026,Add's Domain - Room 26,Frogger with Maggots
rm_0027,B027,Add's Domain - Room 27,Nun's Room
rm_rest_area,B028,Add's Domain - Room 28,Tree #1

rm_0028,B029,Eus's Domain - Room 29,Eus's Mural
rm_0029,B030,Eus's Domain - Room 30,Tail's Room
rm_0030,B031,Eus's Domain - Room 31,Hungry Smile Tutorial
rm_0031,B032,Eus's Domain - Room 32,Ice Tutorial
rm_0032,B033,Eus's Domain - Room 33,The Spine
rm_0033,B034,Eus's Domain - Room 34,Ice Island
rm_0034,B035,Eus's Domain - Room 35,Frosted Donut
rm_0035,B036,Eus's Domain - Room 36,Left-edge Lookout
rm_0037,B037,Eus's Domain - Room 37,Shortcut #2
rm_0038,B038,Eus's Domain - Room 38,Frosted Layer-Cake
rm_0040,B039,Eus's Domain - Room 39,Figure-Eight
rm_0041,B040,Eus's Domain - Room 40,Unholey Smile
rm_0042,B041,Eus's Domain - Room 41,Unholey Smile 2: Hole
rm_0043,B042,Eus's Domain - Room 42,Hidden Picross #2
rm_0044,B043,Eus's Domain - Room 43,Smile Bridge
rm_0045,B044,Eus's Domain - Room 44,Shop #2
rm_0046,B045,Eus's Domain - Room 45,Frozen Tower - Part 1
rm_0047,B046,Eus's Domain - Room 46,Frozen Tower - Part 2
rm_0048,B047,Eus's Domain - Room 47,Frozen Tower - Part 3
rm_0049,B048,Eus's Domain - Room 48,Iceberg Beach
rm_0050,B049,Eus's Domain - Room 49,The Checkerboard
rm_0051,B050,Eus's Domain - Room 50,The Chest of Half Time
rm_0052,B051,Eus's Domain - Room 51,Clyde
rm_0053,B052,Eus's Domain - Room 52,Mouth of Darkness
rm_0054,B053,Eus's Domain - Room 53,Eus's Brand Room
rm_0055,B054,Eus's Domain - Room 54,On the Rocks
rm_0056,B055,Eus's Domain - Room 55,Bride's Room
rm_rest_area_2,B056,Eus's Domain - Room 56,Tree #2

rm_0057,B057,Bee's Domain - Room 57,Bee's Mural
rm_0058,B058,Bee's Domain - Room 58,Bee's Effigy
rm_0059,B059,Bee's Domain - Room 59,Beaver Tutorial
rm_0061,B060,Bee's Domain - Room 60,Beaver 'n Forth
rm_0062,B061,Bee's Domain - Room 61,Button Tutorial
rm_0063,B062,Bee's Domain - Room 62,Beaver Central
rm_0064,B063,Bee's Domain - Room 63,Make Way for the Beaver
rm_0065,B064,Bee's Domain - Room 64,Beaver Street
rm_0066,B065,Bee's Domain - Room 65,Looted Lanes 1
rm_0067,B066,Bee's Domain - Room 66,Hidden Picross #3
rm_0070,B067,Bee's Domain - Room 67,Bee's Brand Room
rm_0068,B068,Bee's Domain - Room 68,Beaver Hallway
rm_0069,B069,Bee's Domain - Room 69,The Anchor
rm_0071,B070,Bee's Domain - Room 70,Famished's Room
rm_0072,B071,Bee's Domain - Room 71,Beaver Bother 1
rm_0073,B072,Bee's Domain - Room 72,The Briefcase
rm_0074,B073,Bee's Domain - Room 73,Ring Around the Rosy
rm_0075,B074,Bee's Domain - Room 74,The Spaceship
rm_0076,B075,Bee's Domain - Room 75,Beaver and Void
rm_0077,B076,Bee's Domain - Room 76,The Curly Key
rm_0078,B077,Bee's Domain - Room 77,Beavers on Ice
rm_0079,B078,Bee's Domain - Room 78,Loop de Loop
rm_0080,B079,Bee's Domain - Room 79,Looted Lanes 2
rm_0082,B080,Bee's Domain - Room 80,Threading the Needle
rm_0083,B081,Bee's Domain - Room 81,The Acorn
rm_0084,B082,Bee's Domain - Room 82,Harmless Beavers
rm_0085,B083,Bee's Domain - Room 83,Shortcut #3
rm_rest_area_3,B084,Bee's Domain - Room 84,Tree #3

rm_0086,B085,Mon's Domain - Room 85,Mon's Mural
rm_0087,B086,Mon's Domain - Room 86,Shop #3
rm_0089,B087,Mon's Domain - Room 87,Atoner Trap
rm_0090,B088,Mon's Domain - Room 88,Amogus with Tail
rm_0094,B089,Mon's Domain - Room 89,Mon's Brand Room
rm_0091,B090,Mon's Domain - Room 90,Bridge for a Maggot
rm_0093,B091,Mon's Domain - Room 91,Snake Trap
rm_0095,B092,Mon's Domain - Room 92,Treasure Hunter Appears
rm_0096,B093,Mon's Domain - Room 93,Larceny's Prelude 1
rm_0097,B094,Mon's Domain - Room 94,Larceny's Prelude 2
rm_0098,B095,Mon's Domain - Room 95,Larceny's Prelude 3
rm_0099,B096,Mon's Domain - Room 96,Rod Theft
rm_0100,B097,Mon's Domain - Room 97,Chase the Hunter - Part 1
rm_0101,B098,Mon's Domain - Room 98,Chase the Hunter - Part 2
rm_0102,B099,Mon's Domain - Room 99,Chase the Hunter - Part 3
rm_0103,B100,Mon's Domain - Room 100,Chase the Hunter - Part 4
rm_0104,B101,Mon's Domain - Room 101,Chase the Hunter - Part 5
rm_0105,B102,Mon's Domain - Room 102,Chase the Hunter - Part 6
rm_0106,B103,Mon's Domain - Room 103,Chase the Hunter - Part 7
rm_0107,B104,Mon's Domain - Room 104,Chase the Hunter - Part 8
rm_0108,B105,Mon's Domain - Room 105,Chase the Hunter - Part 9
rm_0109,B106,Mon's Domain - Room 106,Chase the Hunter - Part 10
rm_0110,B107,Mon's Domain - Room 107,Chase the Hunter - Part 11
rm_0111,B108,Mon's Domain - Room 108,Chase the Hunter - Part 12
rm_0112,B109,Mon's Domain - Room 109,Chase the Hunter - Part 13
rm_0113,B110,Mon's Domain - Room 110,Confront the Hunter
rm_0114,B111,Mon's Domain - Room 111,Hand Tutorial
rm_rest_area_4,B112,Mon's Domain - Room 112,Tree #4

rm_0115,B113,Tan's Domain - Room 113,Tan's Mural
rm_0116,B114,Tan's Domain - Room 114,Tan's Effigy
rm_0117,B115,Tan's Domain - Room 115,A Round of Applause
rm_0118,B116,Tan's Domain - Room 116,Hand Sandwich
rm_0120,B117,Tan's Domain - Room 117,Secret Succubus
rm_0121,B118,Tan's Domain - Room 118,Killing for Profit 1
rm_0122,B119,Tan's Domain - Room 119,Killer Tutorial
rm_0123,B120,Tan's Domain - Room 120,Hand Hole-ding
rm_0124,B121,Tan's Domain - Room 121,Hand-Me-Downs
rm_0125,B122,Tan's Domain - Room 122,Killing for Profit 2
rm_0126,B123,Tan's Domain - Room 123,It Goes in the Square Hole
rm_0127,B124,Tan's Domain - Room 124,Shop #4
rm_0128,B125,Tan's Domain - Room 125,Hidden Picross #4
rm_0129,B126,Tan's Domain - Room 126,It Goes in the Square Hole 2
rm_0130,B127,Tan's Domain - Room 127,Chest Beyond the Stairs
rm_0131,B128,Tan's Domain - Room 128,Collision Course 1
rm_0132,B129,Tan's Domain - Room 129,Collision Course 2
rm_0133,B130,Tan's Domain - Room 130,Collision Course 3
rm_0134,B131,Tan's Domain - Room 131,Shortcut #4
rm_0135,B132,Tan's Domain - Room 132,Statue Maze
rm_0136,B133,Tan's Domain - Room 133,Airbags Not Included
rm_0138,B134,Tan's Domain - Room 134,Ring Around the Rosy 3
rm_0139,B135,Tan's Domain - Room 135,Bee-ver Line
rm_0140,B136,Tan's Domain - Room 136,Hand Maze
rm_0142,B137,Tan's Domain - Room 137,Tan's Brand Room
rm_0141,B138,Tan's Domain - Room 138,Falling Spaghetti Monster
rm_0143,B139,Tan's Domain - Room 139,Kid's Room
rm_rest_area_5,B140,Tan's Domain - Room 140,Tree #5

rm_0144,B141,Gor's Domain - Room 141,Gor's Mural
rm_0145,B142,Gor's Domain - Room 142,Gor's Former Effigy
rm_0146,B143,Gor's Domain - Room 143,Gor's Room
rm_0147,B144,Gor's Domain - Room 144,Beehole Detour
rm_0148,B145,Gor's Domain - Room 145,Mimic & Chest 1
rm_0149,B146,Gor's Domain - Room 146,Mimic on Ice 1
rm_0150,B147,Gor's Domain - Room 147,Consider the Mimic 1
rm_0151,B148,Gor's Domain - Room 148,Spot the Difference 1
rm_0152,B149,Gor's Domain - Room 149,Spot the Difference 2
rm_0153,B150,Gor's Domain - Room 150,Spot the Difference 3
rm_0154,B151,Gor's Domain - Room 151,Spot the Difference 4
rm_0155,B152,Gor's Domain - Room 152,Consider the Mimic 2
rm_0157,B153,Gor's Domain - Room 153,Mimic on Ice 2
rm_0158,B154,Gor's Domain - Room 154,Mimic Quartet 1
rm_0159,B155,Gor's Domain - Room 155,Mimic Quartet 2
rm_0161,B156,Gor's Domain - Room 156,Mimic Boulders 1
rm_0160,B157,Gor's Domain - Room 157,Gor's Brand Room
rm_0162,B158,Gor's Domain - Room 158,Mimic Boulders 2
rm_0163,B159,Gor's Domain - Room 159,Mimic & Chest 2
rm_0164,B160,Gor's Domain - Room 160,Collision Course 4
rm_0165,B161,Gor's Domain - Room 161,Collision Course 5
rm_0168,B162,Gor's Domain - Room 162,Mimic de Loop
rm_0167,B163,Gor's Domain - Room 163,Shortcut #5
rm_0169,B164,Gor's Domain - Room 164,Spot the Difference 5
rm_0170,B165,Gor's Domain - Room 165,Spot the Difference 6
rm_0171,B166,Gor's Domain - Room 166,Spot the Difference 7
rm_0172,B167,Gor's Domain - Room 167,The Impossible Room
rm_rest_area_6,B168,Gor's Domain - Room 168,Tree #6

rm_0173,B169,Lev's Domain - Room 169,Lev's Mural
rm_0174,B170,Lev's Domain - Room 170,Lev's Effigy
rm_0175,B171,Lev's Domain - Room 171,Octohedron Tutorial
rm_0176,B172,Lev's Domain - Room 172,Escape the Dead-End
rm_0177,B173,Lev's Domain - Room 173,Elude the Octohedron
rm_0178,B174,Lev's Domain - Room 174,Closed Loop Geometry
rm_0179,B175,Lev's Domain - Room 175,Trick & Octohedron
rm_0180,B176,Lev's Domain - Room 176,Diamond's Release 1
rm_0181,B177,Lev's Domain - Room 177,The Long Way Around
rm_0182,B178,Lev's Domain - Room 178,Watcher Tutorial
rm_0183,B179,Lev's Domain - Room 179,Lev's Brand Room
rm_0184,B180,Lev's Domain - Room 180,Bomb Tile Tutorial 1
rm_0185,B181,Lev's Domain - Room 181,Hidden Picross #5
rm_0187,B182,Lev's Domain - Room 182,Non-lethal Force
rm_0188,B183,Lev's Domain - Room 183,Take a Walk...
rm_0189,B184,Lev's Domain - Room 184,...and then Walk Back
rm_0190,B185,Lev's Domain - Room 185,Watcher Gap
rm_0191,B186,Lev's Domain - Room 186,Watcher's Curse
rm_0192,B187,Lev's Domain - Room 187,Somebody's Watching Me
rm_0193,B188,Lev's Domain - Room 188,Bomb Tile Tutorial 2
rm_0195,B189,Lev's Domain - Room 189,Through the Minefield
rm_0196,B190,Lev's Domain - Room 190,Bomb Snake
rm_0197,B191,Lev's Domain - Room 191,Diamond's Release 2
rm_0198,B192,Lev's Domain - Room 192,Betwixt Octo and Bomb
rm_0199,B193,Lev's Domain - Room 193,Funhouse Detour
rm_0200,B194,Lev's Domain - Room 194,Bomber's Trap
rm_0201,B195,Lev's Domain - Room 195,Watcher's Treasury
rm_rest_area_7,B196,Lev's Domain - Room 196,Tree #7

rm_0202,B197,Cif's Domain - Room 197,Cif's Mural
rm_0203,B198,Cif's Domain - Room 198,Cif's Effigy
rm_0204,B199,Cif's Domain - Room 199,Shade Tutorial
rm_0205,B200,Cif's Domain - Room 200,Shady Business
rm_0206,B201,Cif's Domain - Room 201,Traffic-Safety Merit Badge
rm_0207,B202,Cif's Domain - Room 202,Dark Hat
rm_0208,B203,Cif's Domain - Room 203,Going in Circles 1
rm_0209,B204,Cif's Domain - Room 204,Fetch the Button
rm_0210,B205,Cif's Domain - Room 205,Three Shadows Dancing
rm_0211,B206,Cif's Domain - Room 206,Sticky Keys
rm_0212,B207,Cif's Domain - Room 207,Sunglasses
rm_0213,B208,Cif's Domain - Room 208,Circular Logic
rm_0214,B209,Cif's Domain - Room 209,Complicated Greed
rm_0215,B210,Cif's Domain - Room 210,Overcomplicated Greed
rm_0216,B211,Cif's Domain - Room 211,Copyn't
rm_0217,B212,Cif's Domain - Room 212,Timeout Circle
rm_0219,B213,Cif's Domain - Room 213,Conga Line
rm_0220,B214,Cif's Domain - Room 214,X Factor
rm_0221,B215,Cif's Domain - Room 215,Push Your Way Through
rm_0222,B216,Cif's Domain - Room 216,Button Ring
rm_0223,B217,Cif's Domain - Room 217,Hidden Picross #6
rm_0224,B218,Cif's Domain - Room 218,Easier with Wings
rm_0225,B219,Cif's Domain - Room 219,Simplicity
rm_0226,B220,Cif's Domain - Room 220,Space Invader
rm_0228,B221,Cif's Domain - Room 221,Coldshadow Matrix
rm_0230,B222,Cif's Domain - Room 222,Shadow's Farewell
rm_0230,B223,Cif's Domain - Room 223,Cif's Brand Room
rm_rest_area_8,B224,Cif's Domain - Room 224,Tree #8

rm_0231,B225,Final Domain - Room 225,Final Mural
rm_0232,B226,Final Domain - Room 226,Empty Effigy
rm_0233,B227,Final Domain - Room 227,Final Brand Room
rm_0234,B228,Final Domain - Room 228,Z
rm_0235,B229,Final Domain - Room 229,Y
rm_0236,B230,Final Domain - Room 230,X
rm_0237,B231,Final Domain - Room 231,W
rm_0238,B232,Final Domain - Room 232,V
rm_0239,B233,Final Domain - Room 233,U
rm_0240,B234,Final Domain - Room 234,T
rm_0241,B235,Final Domain - Room 235,S
rm_0242,B236,Final Domain - Room 236,R
rm_0243,B237,Final Domain - Room 237,Q
rm_0244,B238,Final Domain - Room 238,P
rm_0245,B239,Final Domain - Room 239,O
rm_0246,B240,Final Domain - Room 240,N
rm_0247,B241,Final Domain - Room 241,M
rm_0248,B242,Final Domain - Room 242,L
rm_0249,B243,Final Domain - Room 243,K
rm_0250,B244,Final Domain - Room 244,J
rm_0251,B245,Final Domain - Room 245,I
rm_0252,B246,Final Domain - Room 246,H
rm_0253,B247,Final Domain - Room 247,G
rm_0254,B248,Final Domain - Room 248,F
rm_0255,B249,Final Domain - Room 249,E
rm_0256,B250,Final Domain - Room 250,D
rm_0257,B251,Final Domain - Room 251,C
rm_0258,B252,Final Domain - Room 252,B
rm_0259,B253,Final Domain - Room 253,A
rm_rest_area_9,B254,Final Domain - Room 254,Tree #9
